title;pid;issn;eissn
Annual Review of Analytical Chemistry;anchem;1936-1327;1936-1335
Annual Review of Animal Biosciences;animal;2165-8102;2165-8110
Annual Review of Anthropology;anthro;0084-6570;1545-4290
Annual Review of Astronomy and Astrophysics;astro;0066-4146;1545-4282
Annual Review of Biochemistry;biochem;0066-4154;1545-4509
Annual Review of Biomedical Engineering;bioeng;1523-9829;1545-4274
Annual Review of Biophysics;biophys;1936-122x;1936-1238
Annual Review of Cell and Developmental Biology;cellbio;1081-0706;1530-8995
Annual Review of Chemical and Biomolecular Engineering;chembioeng;1947-5438;1947-5446
Annual Review of Clinical Psychology;clinpsy;1548-5943;1548-5951
Annual Review of Computer Science;arcompsci;8756-7016;
Annual Review of Condensed Matter Physics;conmatphys;1947-5454;1947-5462
Annual Review of Earth and Planetary Sciences;earth;0084-6597;1545-4495
Annual Review of Ecology, Evolution and Systematics;ecolsys;1543-592X;1545-2069
Annual Review of Economics;economics;1941-1383;1941-1391
Annual Review of Entomology;ento;0066-4170;1545-4487
Annual Review of Environment and Resources;energy;1543-5938;1545-2050
Annual Review of Financial Economics;financial;1941-1367;1941-1375
Annual Review of Fluid Mechanics;fluid;0066-4189;1545-4479
Annual Review of Food Science and Technology;food;1941-1413;1941-1421
Annual Review of Genetics;genet;0066-4197;1545-2948
Annual Review of Genomics and Human Genetics;genom;1527-8204;1545-293x
Annual Review of Immunology;immunol;0732-0582;1545-3278
Annual Review of Law and Social Science;lawsocsci;1550-3585;1550-3631
Annual Review of Marine Science;marine;1941-1405;1941-0611
Annual Review of Materials Research;matsci;1531-7331;1545-4118
Annual Review of Medicine;med;0066-4219;1545-326x
Annual Review of Microbiology;micro;0066-4227;1545-3251
Annual Review of Neuroscience;neuro;0147-006X;1545-4126
Annual Review of Nuclear and Particle Science;nucl;0163-8998;1545-4134
Annual Review of Nutrition;nutr;0199-9885;1545-4312
Annual Review of Organizational Psychology and Organizational Behavior;orgpsych;2327-0608;2327-0616
Annual Review of Pathology: Mechanisms of Disease;pathmechdis;1553-4006;1553-4014
Annual Review of Pharmacology and Toxicology;pharmtox;0362-1642;1545-4304
Annual Review of Physical Chemistry;physchem;0066-426X;1545-1593
Annual Review of Physiology;physiol;0066-4278;1545-1585
Annual Review of Phytopathology;phyto;0066-4286;1545-2107
Annual Review of Plant Biology;arplant;1543-5008;1545-2123
Annual Review of Political Science;polisci;1094-2939;1545-1577
Annual Review of Psychology;psych;0066-4308;1545-2085
Annual Review of Public Health;publhealth;0163-7525;1545-2093
Annual Review of Resource Economics;resource;1941-1340;1941-1359
Annual Review of Sociology;soc;0360-0572;1545-2115
Annual Review of Statistics and Its Application;statistics;2326-8298;2326-831x
Annual Review of Virology;virology;2327-056x;2327-0578
