titre;pid;issn;eissn;domain
Acta Veterinaria Scandinavica;www.actavetscand.com;;1751-0147;www.actavetscand.com
Addiction Science & Clinical Practice;www.ascpjournal.org;;1940-0640;www.ascpjournal.org
Agriculture & Food Security;www.agricultureandfoodsecurity.com;;2048-7010;www.agricultureandfoodsecurity.com
AIDS Research and Therapy;www.aidsrestherapy.com;;1742-6405;www.aidsrestherapy.com
Algorithms for Molecular Biology;www.almob.org;;1748-7188;www.almob.org
Allergy, Asthma & Clinical Immunology;www.aacijournal.com;;1710-1492;www.aacijournal.com
Alzheimer's Research & Therapy;alzres.com;;1758-9193;alzres.com
Animal Biotelemetry;www.animalbiotelemetry.com;;2050-3385;www.animalbiotelemetry.com
Annals of Clinical Microbiology and Antimicrobials;www.ann-clinmicrob.com;;1476-0711;www.ann-clinmicrob.com
Annals of General Psychiatry;www.annals-general-psychiatry.com;;1744-859X;www.annals-general-psychiatry.com
Annals of Surgical Innovation and Research;www.asir-journal.com;;1750-1164;www.asir-journal.com
Antimicrobial Resistance and Infection Control;www.aricjournal.com;;2047-2994;www.aricjournal.com
Aquatic Biosystems;www.aquaticbiosystems.org;;2046-9063;www.aquaticbiosystems.org
Archives of Public Health;www.archpublichealth.com;;0778-7367;www.archpublichealth.com
Arthritis Research & Therapy;arthritis-research.com;;1478-6354;arthritis-research.com
Asia Pacific Family Medicine;www.apfmj.com;;1447-056X;www.apfmj.com
Australia and New Zealand Health Policy;www.anzhealthpolicy.com;;1743-8462;www.anzhealthpolicy.com
Automated Experimentation;www.aejournal.net;;1759-4499;www.aejournal.net
Behavioral and Brain Functions;www.behavioralandbrainfunctions.com;;1744-9081;www.behavioralandbrainfunctions.com
BioData Mining;www.biodatamining.org;;1756-0381;www.biodatamining.org
Biological Procedures Online;www.biologicalproceduresonline.com;;1480-9222;www.biologicalproceduresonline.com
Biology Direct;www.biology-direct.com;;1745-6150;www.biology-direct.com
Biology of Mood & Anxiety Disorders;www.biolmoodanxietydisord.com;;2045-5380;www.biolmoodanxietydisord.com
Biology of Sex Differences;www.bsd-journal.com;;2042-6410;www.bsd-journal.com
BioMagnetic Research and Technology;www.biomagres.com;;1477-044X;www.biomagres.com
Biomarker Research;www.biomarkerres.org;;2050-7771;www.biomarkerres.org
Biomedical Digital Libraries;www.bio-diglib.com;;1742-5581;www.bio-diglib.com
BioMedical Engineering OnLine;www.biomedical-engineering-online.com;;1475-925X;www.biomedical-engineering-online.com
BioPsychoSocial Medicine;www.bpsmedicine.com;;1751-0759;www.bpsmedicine.com
Biotechnology for Biofuels;www.biotechnologyforbiofuels.com;;1754-6834;www.biotechnologyforbiofuels.com
BMC Anesthesiology;bmcanesthesiol;;1471-2253;www.biomedcentral.com
BMC Biochemistry;bmcbiochem;;1471-2091;www.biomedcentral.com
BMC Bioinformatics;bmcbioinformatics;;1471-2105;www.biomedcentral.com
BMC Biology;bmcbiol;;1741-7007;www.biomedcentral.com
BMC Biophysics;bmcbiophys;;2046-1682;www.biomedcentral.com
BMC Biotechnology;bmcbiotechnol;;1472-6750;www.biomedcentral.com
BMC Cancer;bmccancer;;1471-2407;www.biomedcentral.com
BMC Cardiovascular Disorders;bmccardiovascdisord;;1471-2261;www.biomedcentral.com
BMC Cell Biology;bmccellbiol;;1471-2121;www.biomedcentral.com
BMC Chemical Biology;bmcchembiol;;1472-6769;www.biomedcentral.com
BMC Clinical Pathology;bmcclinpathol;;1472-6890;www.biomedcentral.com
BMC Complementary and Alternative Medicine;bmccomplementalternmed;;1472-6882;www.biomedcentral.com
BMC Dermatology;bmcdermatol;;1471-5945;www.biomedcentral.com
BMC Developmental Biology;bmcdevbiol;;1471-213X;www.biomedcentral.com
BMC Ear, Nose and Throat Disorders;bmcearnosethroatdisord;;1472-6815;www.biomedcentral.com
BMC Ecology;bmcecol;;1472-6785;www.biomedcentral.com
BMC Emergency Medicine;bmcemergmed;;1471-227X;www.biomedcentral.com
BMC Endocrine Disorders;bmcendocrdisord;;1472-6823;www.biomedcentral.com
BMC Evolutionary Biology;bmcevolbiol;;1471-2148;www.biomedcentral.com
BMC Family Practice;bmcfampract;;1471-2296;www.biomedcentral.com
BMC Gastroenterology;bmcgastroenterol;;1471-230X;www.biomedcentral.com
BMC Genetics;bmcgenet;;1471-2156;www.biomedcentral.com
BMC Genomics;bmcgenomics;;1471-2164;www.biomedcentral.com
BMC Geriatrics;bmcgeriatr;;1471-2318;www.biomedcentral.com
BMC Health Services Research;bmchealthservres;;1472-6963;www.biomedcentral.com
BMC Hematology;www.biomedcentral.combmchematol;;2052-1839;www.biomedcentral.com
BMC Immunology;bmcimmunol;;1471-2172;www.biomedcentral.com
BMC Infectious Diseases;bmchematol;;1471-2334;www.biomedcentral.com
BMC International Health and Human Rights;bmcinthealthhumrights;;1472-698X;www.biomedcentral.com
BMC Medical Education;bmcmededuc;;1472-6920;www.biomedcentral.com
BMC Medical Ethics;bmcmedethics;;1472-6939;www.biomedcentral.com
BMC Medical Genetics;bmcmedgenet;;1471-2350;www.biomedcentral.com
BMC Medical Genomics;bmcmedgenomics;;1755-8794;www.biomedcentral.com
BMC Medical Imaging;bmcmedimaging;;1471-2342;www.biomedcentral.com
BMC Medical Informatics and Decision Making;bmcmedinformdecismak;;1472-6947;www.biomedcentral.com
BMC Medical Physics;bmcmedphys;;1756-6649;www.biomedcentral.com
BMC Medical Research Methodology;bmcmedresmethodol;;1471-2288;www.biomedcentral.com
BMC Medicine;bmcmed;;1741-7015;www.biomedcentral.com
BMC Microbiology;bmcmicrobiol;;1471-2180;www.biomedcentral.com
BMC Molecular Biology;bmcmolbiol;;1471-2199;www.biomedcentral.com
BMC Musculoskeletal Disorders;bmcmusculoskeletdisord;;1471-2474;www.biomedcentral.com
BMC Nephrology;bmcnephrol;;1471-2369;www.biomedcentral.com
BMC Neurology;bmcneurol;;1471-2377;www.biomedcentral.com
BMC Neuroscience;bmcneurosci;;1471-2202;www.biomedcentral.com
BMC Nursing;bmcnurs;;1472-6955;www.biomedcentral.com
BMC Ophthalmology;bmcophthalmol;;1471-2415;www.biomedcentral.com
BMC Oral Health;bmcoralhealth;;1472-6831;www.biomedcentral.com
BMC Palliative Care;bmcpalliatcare;;1472-684X;www.biomedcentral.com
BMC Pediatrics;bmcpediatr;;1471-2431;www.biomedcentral.com
BMC Pharmacology;bmcpharmacol;;1471-2210;www.biomedcentral.com
BMC Pharmacology and Toxicology;bmcpharmacoltoxicol;;2050-6511;www.biomedcentral.com
BMC Physiology;bmcphysiol;;1472-6793;www.biomedcentral.com
BMC Plant Biology;bmcplantbiol;;1471-2229;www.biomedcentral.com
BMC Pregnancy and Childbirth;bmcpregnancychildbirth;;1471-2393;www.biomedcentral.com
BMC Proceedings;bmcproc;;1753-6561;www.biomedcentral.com
BMC Psychiatry;bmcpsychiatry;;1471-244X;www.biomedcentral.com
BMC Psychology;bmcpsychol;;2050-7283;www.biomedcentral.com
BMC Public Health;bmcpublichealth;;1471-2458;www.biomedcentral.com
BMC Pulmonary Medicine;bmcpulmmed;;1471-2466;www.biomedcentral.com
BMC Research Notes;bmcresnotes;;1756-0500;www.biomedcentral.com
BMC Sports Science, Medicine and Rehabilitation;bmcsportsscimedrehabil;;2052-1847;www.biomedcentral.com
BMC Structural Biology;bmcstructbiol;;1472-6807;www.biomedcentral.com
BMC Surgery;bmcsurg;;1471-2482;www.biomedcentral.com
BMC Systems Biology;bmcsystbiol;;1752-0509;www.biomedcentral.com
BMC Urology;bmcurol;;1471-2490;www.biomedcentral.com
BMC Veterinary Research;bmcvetres;;1746-6148;www.biomedcentral.com
BMC Women's Health;bmcwomenshealth;;1472-6874;www.biomedcentral.com
Breast Cancer Research;breast-cancer-research.com;;1465-5411;breast-cancer-research.com
Cancer & Metabolism;www.cancerandmetabolism.com;;2049-3002;www.cancerandmetabolism.com
Cancer Cell International;www.cancerci.com;;1475-2867;www.cancerci.com
Carbon Balance and Management;www.cbmjournal.com;;1750-0680;www.cbmjournal.com
Cardiovascular Diabetology;www.cardiab.com;;1475-2840;www.cardiab.com
Cardiovascular Ultrasound;www.cardiovascularultrasound.com;;1476-7120;www.cardiovascularultrasound.com
Cases Journal;www.casesjournal.com;;1757-1626;www.casesjournal.com
Cell & Bioscience;www.cellandbioscience.com;;2045-3701;www.cellandbioscience.com
Cell & Chromosome;www.cellandchromosome.com;;1475-9268;www.cellandchromosome.com
Cell Communication and Signaling;www.biosignaling.com;;1478-811X;www.biosignaling.com
Cell Division;www.celldiv.com;;1747-1028;www.celldiv.com
Cell Regeneration;www.cellregenerationjournal.com;;2045-9769;www.cellregenerationjournal.com
Child and Adolescent Psychiatry and Mental Health;www.capmh.com;;1753-2000;www.capmh.com
Chinese Medicine;www.cmjournal.org;;1749-8546;www.cmjournal.org
Chiropractic & Manual Therapies;www.chiromt.com;;2045-709X;www.chiromt.com
Cilia;www.ciliajournal.com;;2046-2530;www.ciliajournal.com
Clinical and Molecular Allergy;www.clinicalmolecularallergy.com;;1476-7961;www.clinicalmolecularallergy.com
Clinical and Translational Allergy;www.ctajournal.com;;2045-7022;www.ctajournal.com
Clinical Epigenetics;www.clinicalepigeneticsjournal.com;;1868-7083;www.clinicalepigeneticsjournal.com
Clinical Practice and Epidemiology in Mental Health;www.cpementalhealth.com;;1745-0179;www.cpementalhealth.com
Clinical Proteomics;www.clinicalproteomicsjournal.com;;1559-0275;www.clinicalproteomicsjournal.com
Clinical Sarcoma Research;www.clinicalsarcomaresearch.com;;2045-3329;www.clinicalsarcomaresearch.com
Comparative Hepatology;www.comparative-hepatology.com;;1476-5926;www.comparative-hepatology.com
Conflict and Health;www.conflictandhealth.com;;1752-1505;www.conflictandhealth.com
Cost Effectiveness and Resource Allocation;www.resource-allocation.com;;1478-7547;www.resource-allocation.com
Cough;www.coughjournal.com;;1745-9974;www.coughjournal.com
Critical Care;ccforum.com;;1364-8535;ccforum.com
CytoJournal;www.cytojournal.com;;1742-6413;www.cytojournal.com
DARU Journal of Pharmaceutical Sciences;www.darujps.com;;2008-2231;www.darujps.com
Diabetology & Metabolic Syndrome;www.dmsjournal.com;;1758-5996;www.dmsjournal.com
Diagnostic Pathology;www.diagnosticpathology.org;;1746-1596;www.diagnosticpathology.org
Dynamic Medicine;www.dynamic-med.com;;1476-5918;www.dynamic-med.com
eHealth International;www.ehealthinternational.org;;1476-3591;www.ehealthinternational.org
Emerging Themes in Epidemiology;www.ete-online.com;;1742-7622;www.ete-online.com
Environmental Evidence;www.environmentalevidencejournal.org;;2047-2382;www.environmentalevidencejournal.org
Environmental Health;www.ehjournal.net;;1476-069X;www.ehjournal.net
Epidemiologic Perspectives & Innovations;www.epi-perspectives.com;;1742-5573;www.epi-perspectives.com
Epigenetics & Chromatin;www.epigeneticsandchromatin.com;;1756-8935;www.epigeneticsandchromatin.com
EPMA Journal;www.epmajournal.com;;1878-5085;www.epmajournal.com
European Journal of Medical Research;www.eurjmedres.com;;2047-783X;www.eurjmedres.com
EvoDevo;www.evodevojournal.com;;2041-9139;www.evodevojournal.com
Experimental & Translational Stroke Medicine;www.etsmjournal.com;;2040-7378;www.etsmjournal.com
Experimental Hematology & Oncology;www.ehoonline.org;;2162-3619;www.ehoonline.org
Extreme Physiology & Medicine;www.extremephysiolmed.com;;2046-7648;www.extremephysiolmed.com
Fibrogenesis & Tissue Repair;www.fibrogenesis.com;;1755-1536;www.fibrogenesis.com
Filaria Journal;www.filariajournal.com;;1475-2883;www.filariajournal.com
Flavour;www.flavourjournal.com;;2044-7248;www.flavourjournal.com
Fluids and Barriers of the CNS;www.fluidsbarrierscns.com;;2045-8118;www.fluidsbarrierscns.com
Frontiers in Zoology;www.frontiersinzoology.com;;1742-9994;www.frontiersinzoology.com
Genetic Vaccines and Therapy;www.gvt-journal.com;;1479-0556;www.gvt-journal.com
Genetics Selection Evolution;www.gsejournal.org;;1297-9686;www.gsejournal.org
Genome Biology;genomebiology.com;;1465-6906;genomebiology.com
Genome Integrity;www.genomeintegrity.com;;2041-9414;www.genomeintegrity.com
Genome Medicine;genomemedicine.com;;1756-994X;genomemedicine.com
GigaScience;www.gigasciencejournal.com;;2047-217X;www.gigasciencejournal.com
Globalization and Health;www.globalizationandhealth.com;;1744-8603;www.globalizationandhealth.com
Gut Pathogens;www.gutpathogens.com;;1757-4749;www.gutpathogens.com
Harm Reduction Journal;www.harmreductionjournal.com;;1477-7517;www.harmreductionjournal.com
Head & Face Medicine;www.head-face-med.com;;1746-160X;www.head-face-med.com
Head & Neck Oncology;www.headandneckoncology.org;;1758-3284;www.headandneckoncology.org
Health and Quality of Life Outcomes;www.hqlo.com;;1477-7525;www.hqlo.com
Health Information Science and Systems;www.hissjournal.com;;2047-2501;www.hissjournal.com
Health Research Policy and Systems;www.health-policy-systems.com;;1478-4505;www.health-policy-systems.com
Hereditary Cancer in Clinical Practice;www.hccpjournal.com;;1897-4287;www.hccpjournal.com
Herpesviridae;www.herpesviridae.org;;2042-4280;www.herpesviridae.org
Human Genomics;www.humgenomics.com;;1479-7364;www.humgenomics.com
Human Resources for Health;www.human-resources-health.com;;1478-4491;www.human-resources-health.com
Immunity & Ageing;www.immunityageing.com;;1742-4933;www.immunityageing.com
Immunome Research;www.immunome-research.com;;1745-7580;www.immunome-research.com
Implementation Science;www.implementationscience.com;;1748-5908;www.implementationscience.com
Infectious Agents and Cancer;www.infectagentscancer.com;;1750-9378;www.infectagentscancer.com
Infectious Diseases of Poverty;www.idpjournal.com;;2049-9957;www.idpjournal.com
Integrative Omics and Molecular Biology;www.integrativeomics.org;;2047-9174;www.integrativeomics.org
International Archives of Medicine;www.intarchmed.com;;1755-7682;www.intarchmed.com
International Breastfeeding Journal;www.internationalbreastfeedingjournal.com;;1746-4358;www.internationalbreastfeedingjournal.com
International Journal for Equity in Health;www.equityhealthj.com;;1475-9276;www.equityhealthj.com
International Journal of Behavioral Nutrition and Physical Activity;www.ijbnpa.org;;1479-5868;www.ijbnpa.org
International Journal of Health Geographics;www.ij-healthgeographics.com;;1476-072X;www.ij-healthgeographics.com
International Journal of Mental Health Systems;www.ijmhs.com;;1752-4458;www.ijmhs.com
International Journal of Pediatric Endocrinology;www.ijpeonline.com;;1687-9856;www.ijpeonline.com
International Seminars in Surgical Oncology;www.issoonline.com;;1477-7800;www.issoonline.com
Investigative Genetics;www.investigativegenetics.com;;2041-2223;www.investigativegenetics.com
Iranian Journal of Environmental Health Science & Engineering;www.ijehse.com;;1735-2746;www.ijehse.com
Irish Veterinary Journal;www.irishvetjournal.org;;2046-0481;www.irishvetjournal.org
Israel Journal of Health Policy Research;www.ijhpr.org;;2045-4015;www.ijhpr.org
Italian Journal of Pediatrics;www.ijponline.net;;1824-7288;www.ijponline.net
Journal of Animal Science and Biotechnology;www.jasbsci.com;;2049-1891;www.jasbsci.com
Journal of Autoimmune Diseases;www.jautoimdis.com;;1740-2557;www.jautoimdis.com
Journal of Biological Engineering;www.jbioleng.org;;1754-1611;www.jbioleng.org
Journal of Biology;jbiol.com;;1475-4924;jbiol.com
Journal of Biomedical Discovery and Collaboration;www.j-biomed-discovery.com;;1747-5333;www.j-biomed-discovery.com
Journal of Biomedical Science;www.jbiomedsci.com;;1423-0127;www.jbiomedsci.com
Journal of Biomedical Semantics;www.jbiomedsem.com;;2041-1480;www.jbiomedsem.com
Journal of Bioscience and Medicine;www.jbioscimed.com;;2161-2625;www.jbioscimed.com
Journal of Brachial Plexus and Peripheral Nerve Injury;www.jbppni.com;;1749-7221;www.jbppni.com
Journal of Carcinogenesis;www.carcinogenesis.com;;1477-3163;www.carcinogenesis.com
Journal of Cardiothoracic Surgery;www.cardiothoracicsurgery.org;;1749-8090;www.cardiothoracicsurgery.org
Journal of Cardiovascular Magnetic Resonance;jcmr-online.com;;1532-429X;jcmr-online.com
Journal of Circadian Rhythms;www.jcircadianrhythms.com;;1740-3391;www.jcircadianrhythms.com
Journal of Clinical Bioinformatics;www.jclinbioinformatics.com;;2043-9113;www.jclinbioinformatics.com
Journal of Diabetes & Metabolic Disorders;www.jdmdonline.com;;2251-6581;www.jdmdonline.com
Journal of Eating Disorders;www.jeatdisord.com;;2050-2974;www.jeatdisord.com
Journal of Ethnobiology and Ethnomedicine;www.ethnobiomed.com;;1746-4269;www.ethnobiomed.com
Journal of Experimental & Clinical Assisted Reproduction;www.jexpclinassistreprod.com;;1743-1050;www.jexpclinassistreprod.com
Journal of Experimental & Clinical Cancer Research;www.jeccr.com;;1756-9966;www.jeccr.com
Journal of Foot and Ankle Research;www.jfootankleres.com;;1757-1146;www.jfootankleres.com
Journal of Hematology & Oncology;www.jhoonline.org;;1756-8722;www.jhoonline.org
Journal of Immune Based Therapies and Vaccines;www.jibtherapies.com;;1476-8518;www.jibtherapies.com
Journal of Inflammation;www.journal-inflammation.com;;1476-9255;www.journal-inflammation.com
Journal of Medical Case Reports;www.jmedicalcasereports.com;;1752-1947;www.jmedicalcasereports.com
Journal of Molecular Signaling;www.jmolecularsignaling.com;;1750-2187;www.jmolecularsignaling.com
Journal of Nanobiotechnology;www.jnanobiotechnology.com;;1477-3155;www.jnanobiotechnology.com
Journal of Negative Results in BioMedicine;www.jnrbm.com;;1477-5751;www.jnrbm.com
Journal of Neurodevelopmental Disorders;www.jneurodevdisorders.com;;1866-1955;www.jneurodevdisorders.com
Journal of NeuroEngineering and Rehabilitation;www.jneuroengrehab.com;;1743-0003;www.jneuroengrehab.com
Journal of Neuroinflammation;www.jneuroinflammation.com;;1742-2094;www.jneuroinflammation.com
Journal of Occupational Medicine and Toxicology;www.occup-med.com;;1745-6673;www.occup-med.com
Journal of Orthopaedic Surgery and Research;www.josr-online.com;;1749-799X;www.josr-online.com
Journal of Otolaryngology - Head and Neck Surgery;www.journalotohns.com;;1916-0216;www.journalotohns.com
Journal of Ovarian Research;www.ovarianresearch.com;;1757-2215;www.ovarianresearch.com
Journal of Physiological Anthropology;www.jphysiolanthropol.com;;1880-6805;www.jphysiolanthropol.com
Journal of the International AIDS Society;www.jiasociety.org;;1758-2652;www.jiasociety.org
Journal of the International Society of Sports Nutrition;www.jissn.com;;1550-2783;www.jissn.com
Journal of Translational Medicine;www.translational-medicine.com;;1479-5876;www.translational-medicine.com
Journal of Trauma Management & Outcomes;www.traumamanagement.org;;1752-2897;www.traumamanagement.org
Journal of Venomous Animals and Toxins including Tropical Diseases;www.jvat.org;;1678-9199;www.jvat.org
Kinetoplastid Biology and Disease;www.kinetoplastids.com;;1475-9292;www.kinetoplastids.com
Lipids in Health and Disease;www.lipidworld.com;;1476-511X;www.lipidworld.com
Longevity & Healthspan;www.longevityandhealthspan.com;;2046-2395;www.longevityandhealthspan.com
Malaria Journal;www.malariajournal.com;;1475-2875;www.malariajournal.com
Medical Gas Research;www.medicalgasresearch.com;;2045-9912;www.medicalgasresearch.com
Medical Immunology;www.medimmunol.com;;1476-9433;www.medimmunol.com
Microbial Cell Factories;www.microbialcellfactories.com;;1475-2859;www.microbialcellfactories.com
Microbial Informatics and Experimentation;www.microbialinformaticsj.com;;2042-5783;www.microbialinformaticsj.com
Microbiome;www.microbiomejournal.com;;2049-2618;www.microbiomejournal.com
Mobile DNA;www.mobilednajournal.com;;1759-8753;www.mobilednajournal.com
Molecular Autism;www.molecularautism.com;;2040-2392;www.molecularautism.com
Molecular Brain;www.molecularbrain.com;;1756-6606;www.molecularbrain.com
Molecular Cancer;www.molecular-cancer.com;;1476-4598;www.molecular-cancer.com
Molecular Cytogenetics;www.molecularcytogenetics.org;;1755-8166;www.molecularcytogenetics.org
Molecular Neurodegeneration;www.molecularneurodegeneration.com;;1750-1326;www.molecularneurodegeneration.com
Molecular Pain;www.molecularpain.com;;1744-8069;www.molecularpain.com
Multidisciplinary Respiratory Medicine;www.mrmjournal.com;;2049-6958;www.mrmjournal.com
Neural Development;www.neuraldevelopment.com;;1749-8104;www.neuraldevelopment.com
Neural Systems & Circuits;www.neuralsystemsandcircuits.com;;2042-1001;www.neuralsystemsandcircuits.com
Nonlinear Biomedical Physics;www.nonlinearbiomedphys.com;;1753-4631;www.nonlinearbiomedphys.com
Nuclear Receptor;www.nuclear-receptor.com;;1478-1336;www.nuclear-receptor.com
Nutrition & Metabolism;www.nutritionandmetabolism.com;;1743-7075;www.nutritionandmetabolism.com
Nutrition Journal;www.nutritionj.com;;1475-2891;www.nutritionj.com
Open Network Biology;www.opennetworkbiology.com;;2046-7826;www.opennetworkbiology.com
Open Research Computation;www.openresearchcomputation.com;;2042-5767;www.openresearchcomputation.com
Orphanet Journal of Rare Diseases;www.ojrd.com;;1750-1172;www.ojrd.com
Osteopathic Medicine and Primary Care;www.om-pc.com;;1750-4732;www.om-pc.com
Parasites & Vectors;www.parasitesandvectors.com;;1756-3305;www.parasitesandvectors.com
Particle and Fibre Toxicology;www.particleandfibretoxicology.com;;1743-8977;www.particleandfibretoxicology.com
PathoGenetics;www.pathogeneticsjournal.com;;1755-8417;www.pathogeneticsjournal.com
Patient Safety in Surgery;www.pssjournal.com;;1754-9493;www.pssjournal.com
Pediatric Rheumatology;www.ped-rheum.com;;1546-0096;www.ped-rheum.com
Perioperative Medicine;www.perioperativemedicinejournal.com;;2047-0525;www.perioperativemedicinejournal.com
Philosophy, Ethics, and Humanities in Medicine;www.peh-med.com;;1747-5341;www.peh-med.com
Plant Methods;www.plantmethods.com;;1746-4811;www.plantmethods.com
Population Health Metrics;www.pophealthmetrics.com;;1478-7954;www.pophealthmetrics.com
Proteome Science;www.proteomesci.com;;1477-5956;www.proteomesci.com
Radiation Oncology;www.ro-journal.com;;1748-717X;www.ro-journal.com
Reproductive Biology and Endocrinology;www.rbej.com;;1477-7827;www.rbej.com
Reproductive Health;www.reproductive-health-journal.com;;1742-4755;www.reproductive-health-journal.com
Respiratory Research;respiratory-research.com;;1465-9921;respiratory-research.com
Retrovirology;www.retrovirology.com;;1742-4690;www.retrovirology.com
Scandinavian Journal of Trauma, Resuscitation and Emergency Medicine;www.sjtrem.com;;1757-7241;www.sjtrem.com
Scoliosis;www.scoliosisjournal.com;;1748-7161;www.scoliosisjournal.com
Silence;www.silencejournal.com;;1758-907X;www.silencejournal.com
Skeletal Muscle;www.skeletalmusclejournal.com;;2044-5040;www.skeletalmusclejournal.com
SMARTT;bmcsportsscimedrehabil;;2052-1847;bmcsportsscimedrehabil
Source Code for Biology and Medicine;www.scfbm.org;;1751-0473;www.scfbm.org
Stem Cell Research & Therapy;stemcellres.com;;1757-6512;stemcellres.com
Substance Abuse Treatment, Prevention, and Policy;www.substanceabusepolicy.com;;1747-597X;www.substanceabusepolicy.com
Sustainable Healthcare;www.sustainablehealthcarejournal.com;;2045-998X;www.sustainablehealthcarejournal.com
Systematic Reviews;www.systematicreviewsjournal.com;;2046-4053;www.systematicreviewsjournal.com
Theoretical Biology and Medical Modelling;www.tbiomed.com;;1742-4682;www.tbiomed.com
Thrombosis Journal;www.thrombosisjournal.com;;1477-9560;www.thrombosisjournal.com
Thyroid Research;www.thyroidresearchjournal.com;;1756-6614;www.thyroidresearchjournal.com
Tobacco Induced Diseases;www.tobaccoinduceddiseases.com;;1617-9625;www.tobaccoinduceddiseases.com
Translational Neurodegeneration;www.translationalneurodegeneration.com;;2047-9158;www.translationalneurodegeneration.com
Transplantation Research;www.transplantationresearch.com;;2047-1440;www.transplantationresearch.com
Trials;www.trialsjournal.com;;1468-6708;www.trialsjournal.com
Vascular Cell;www.vascularcell.com;;2045-824X;www.vascularcell.com
Veterinary Research;www.veterinaryresearch.org;;1297-9716;www.veterinaryresearch.org
Virology Journal;www.virologyj.com;;1743-422X;www.virologyj.com
World Allergy Organization Journal;www.waojournal.org;;1939-4551;www.waojournal.org
World Journal of Emergency Surgery;www.wjes.org;;1749-7922;www.wjes.org
World Journal of Surgical Oncology;www.wjso.com;;1477-7819;www.wjso.com
