pid;issn;eissn
www.aos-journal.org;0001-7817;1760-611X
www.agronomy-journal.org;1774-0746;1773-0155
analusis.edpsciences.org;0365-4877;1286-482X
animres.edpsciences.org;1627-3583;1627-3591
www.limnology-journal.org;0003-4088;2100-000X
www.annphys.org;0003-4169;1286-4838
www.ata-journal.org;0768-598X;1961-9480
www.afs-journal.org;1286-4560;1297-966X
www.apidologie.org;0044-8435;1297-9678
www.alr-journal.org;0990-7440;1765-2952
www.aanda.org;0004-6361;1432-0746
aas.aanda.org;0365-0138;1286-4846
www.audio-infos.eu;;
www.audiology-infos.eu;;
www.basse-vision-infos.eu;;
www.biologie-journal.org;2105-0678;2105-0686
www.biologiste-infos.eu;;
www.bio-conferences.org;;2117-4458
www.uniodf-journal.org;1768-9775;
asees.water-quality-journal.org;1818-8710;2100-0646
www.clefscea.fr;0298-6248;1625-9718
www.dairy-journal.org;1958-5586;1958-5594
www.dentoscope.fr;;
www.rdmbd.org;2116-1321;2116-133X
www.eas-journal.org;1633-4760;1638-1963
www.etp-journal.org;2100-0808;2100-0816
www.ebr-journal.org;1635-7922;1635-7930
epistemo.edpsciences.org;1517-7823;
www.epj-pv.org;;2105-0716
www.epj-conferences.org;;2100-014X
epljournal.edpsciences.org;0295-5075;1286-4854
www.esaim-cocv.org;1292-8119;1262-3377
www.esaim-m2an.org;0764-583X;1290-3841
www.esaim-ps.org;1292-8100;1262-3318
www.esaim-proc.org;;1270-900X
ejess.edpsciences.org;1292-8895;1292-8909
www.water-quality-journal.org;1818-8710;2100-0646
epja.epj.org;1434-6001;1434-601X
www.epjap.org;1286-0042;1286-0050
epjb.epj.org;1434-6028;1434-6036
epjc.epj.org;1434-6044;1434-6052
epjd.epj.org;1434-6060;1434-6079
epje.epj.org;1292-8941;1292-895X
epjh.epj.org;2102-6459;2102-6467
epjst.epj.org;1951-6355;1951-6401
www.europhysicsnews.org;0531-7479;1432-1092
www.fruits-journal.org;0248-1294;1625-967X
www.gse-journal.org;0999-193X;1297-9686
www.shf-lhb.org;0018-6368;1958-5551
www.hydroecologie.org;1147-9213;1958-556X
www.independentaire.fr;1637-2530;
www.ijsmdo.org;1779-627X;1779-6288
www.metrology-journal.org;2107-6839;2107-6847
www.itm-conferences.org;;
www.j3ea.org;;1638-5705
jcp.edpsciences.org;0021-7689;
www.jdao-journal.org;2110-5715;
www.swsc-journal.org;;2115-7251
www.kmae-journal.org;;1961-9502
www.larsg-revue.com;1160-7742;1760-6136
www.lentrepriseofficinale.fr;;
www.matec-conferences.org;;2261-236X
www.mattech-journal.org;0032-6895;1778-3771
www.mmnp-journal.org;0973-5348;1760-6101
www.mechanics-industry.org;2257-7777;2257-7750
www.mbcb-journal.org;1273-2761;2105-1011
www.medecine-nutrition.org;0398-7604;2110-5405
www.medecinesciences.org;0767-0974;1958-5381
mmm.edpsciences.org;1154-2799;
www.mov-sport-sciences.org;2118-5735;2118-5743
www.nss-journal.org;1240-1307;1765-2979
www.nutrition-infos.com;;
www.orthodfr.org;0078-6608;1954-3395
www.orthophile.fr;;
www.parasite-journal.org;;1776-1042
www.pedagogie-medicale.org;1625-6484;1627-4784
www.perspectives-psy.org;0031-6032;2118-4038
www.photoniques.com;;
www.profession-pharmacien.fr;;
www.psycho-clinique.org;1145-1882;2118-4224
www.quadrature-journal.org;1142-2785;1760-4826
www.radioprotection.org;0033-8451;1769-700X
www.rairo-ro.org;0399-0559;1290-3868
www.rairo-ita.org;0988-3754;1290-385X
www.refletsdelaphysique.fr;1953-793X;2102-6777
rnd.edpsciences.org;0926-5287;1297-9708
www.revue-metallurgie.org;0035-1563;1156-3141
www.roc-journal.org;2118-5654;
odf.edpsciences.org;0337-9736;2110-543X
www.shs-conferences.org;;2261-2424
www.journal-therapie.org;0040-5957;1958-5578
www.vetres.org;0928-4249;1297-9716